ID,OriginCityCode,DestinationCityCode,OriginCity,OriginState,OriginCountry,Type,OriginLat,OriginLong,DestinationCity,DestinationState,DestinationCountry,DestinationLat,DestinationLong
1,4,1,Tacoma,WA,US,Plant,47.2528768,-122.4442906,Tacoma,WA,US,47.2528768,-122.4442906
2,4,1,Tacoma,WA,US,Plant,47.2528768,-122.4442906,Tacoma,WA,US,47.2528768,-122.4442906
3,4,1,Tacoma,WA,US,Plant,47.2528768,-122.4442906,Tacoma,WA,US,47.2528768,-122.4442906
4,4,1,Tacoma,WA,US,Plant,47.2528768,-122.4442906,Tacoma,WA,US,47.2528768,-122.4442906
5,4,1,Tacoma,WA,US,Plant,47.2528768,-122.4442906,Tacoma,WA,US,47.2528768,-122.4442906
6,4,1,Tacoma,WA,US,Plant,47.2528768,-122.4442906,Tacoma,WA,US,47.2528768,-122.4442906
7,4,1,Tacoma,WA,US,Plant,47.2528768,-122.4442906,Tacoma,WA,US,47.2528768,-122.4442906
8,4,1,Tacoma,WA,US,Plant,47.2528768,-122.4442906,Tacoma,WA,US,47.2528768,-122.4442906
9,4,1,Tacoma,WA,US,Plant,47.2528768,-122.4442906,Tacoma,WA,US,47.2528768,-122.4442906
10,4,1,Tacoma,WA,US,Plant,47.2528768,-122.4442906,Tacoma,WA,US,47.2528768,-122.4442906
11,4,1,Tacoma,WA,US,Plant,47.2528768,-122.4442906,Tacoma,WA,US,47.2528768,-122.4442906
12,4,1,Tacoma,WA,US,Plant,47.2528768,-122.4442906,Tacoma,WA,US,47.2528768,-122.4442906
13,4,1,Tacoma,WA,US,Plant,47.2528768,-122.4442906,Tacoma,WA,US,47.2528768,-122.4442906
14,4,1,Tacoma,WA,US,Plant,47.2528768,-122.4442906,Tacoma,WA,US,47.2528768,-122.4442906
15,4,1,Tacoma,WA,US,Plant,47.2528768,-122.4442906,Tacoma,WA,US,47.2528768,-122.4442906
16,4,1,Tacoma,WA,US,Plant,47.2528768,-122.4442906,Tacoma,WA,US,47.2528768,-122.4442906
17,4,1,Tacoma,WA,US,Plant,47.2528768,-122.4442906,Tacoma,WA,US,47.2528768,-122.4442906
18,4,1,Tacoma,WA,US,Plant,47.2528768,-122.4442906,Tacoma,WA,US,47.2528768,-122.4442906
19,4,1,Tacoma,WA,US,Plant,47.2528768,-122.4442906,Tacoma,WA,US,47.2528768,-122.4442906
20,4,1,Tacoma,WA,US,Plant,47.2528768,-122.4442906,Tacoma,WA,US,47.2528768,-122.4442906
21,4,1,Tacoma,WA,US,Plant,47.2528768,-122.4442906,Tacoma,WA,US,47.2528768,-122.4442906
22,4,1,Tacoma,WA,US,Plant,47.2528768,-122.4442906,Tacoma,WA,US,47.2528768,-122.4442906
23,4,1,Tacoma,WA,US,Plant,47.2528768,-122.4442906,Tacoma,WA,US,47.2528768,-122.4442906
24,4,1,Tacoma,WA,US,Plant,47.2528768,-122.4442906,Tacoma,WA,US,47.2528768,-122.4442906
25,4,1,Tacoma,WA,US,Plant,47.2528768,-122.4442906,Tacoma,WA,US,47.2528768,-122.4442906
26,4,1,Tacoma,WA,US,Plant,47.2528768,-122.4442906,Tacoma,WA,US,47.2528768,-122.4442906
27,4,1,Tacoma,WA,US,Plant,47.2528768,-122.4442906,Tacoma,WA,US,47.2528768,-122.4442906
28,4,1,Tacoma,WA,US,Plant,47.2528768,-122.4442906,Tacoma,WA,US,47.2528768,-122.4442906
29,4,1,Tacoma,WA,US,Plant,47.2528768,-122.4442906,Tacoma,WA,US,47.2528768,-122.4442906
30,4,1,Tacoma,WA,US,Plant,47.2528768,-122.4442906,Tacoma,WA,US,47.2528768,-122.4442906
31,4,1,Tacoma,WA,US,Plant,47.2528768,-122.4442906,Tacoma,WA,US,47.2528768,-122.4442906
32,4,1,Tacoma,WA,US,Plant,47.2528768,-122.4442906,Tacoma,WA,US,47.2528768,-122.4442906
33,4,1,Tacoma,WA,US,Plant,47.2528768,-122.4442906,Tacoma,WA,US,47.2528768,-122.4442906
34,4,1,Tacoma,WA,US,Plant,47.2528768,-122.4442906,Tacoma,WA,US,47.2528768,-122.4442906
35,4,1,Tacoma,WA,US,Plant,47.2528768,-122.4442906,Tacoma,WA,US,47.2528768,-122.4442906
36,4,1,Tacoma,WA,US,Plant,47.2528768,-122.4442906,Tacoma,WA,US,47.2528768,-122.4442906
37,5,2,Ft. Worth,TX,US,Plant,32.725409,-97.3208496,Ft. Worth,TX,US,32.725409,-97.3208496
38,5,2,Ft. Worth,TX,US,Plant,32.725409,-97.3208496,Ft. Worth,TX,US,32.725409,-97.3208496
39,5,2,Ft. Worth,TX,US,Plant,32.725409,-97.3208496,Ft. Worth,TX,US,32.725409,-97.3208496
40,5,2,Ft. Worth,TX,US,Plant,32.725409,-97.3208496,Ft. Worth,TX,US,32.725409,-97.3208496
41,5,2,Ft. Worth,TX,US,Plant,32.725409,-97.3208496,Ft. Worth,TX,US,32.725409,-97.3208496
42,5,2,Ft. Worth,TX,US,Plant,32.725409,-97.3208496,Ft. Worth,TX,US,32.725409,-97.3208496
43,5,2,Ft. Worth,TX,US,Plant,32.725409,-97.3208496,Ft. Worth,TX,US,32.725409,-97.3208496
44,5,2,Ft. Worth,TX,US,Plant,32.725409,-97.3208496,Ft. Worth,TX,US,32.725409,-97.3208496
45,5,2,Ft. Worth,TX,US,Plant,32.725409,-97.3208496,Ft. Worth,TX,US,32.725409,-97.3208496
46,5,2,Ft. Worth,TX,US,Plant,32.725409,-97.3208496,Ft. Worth,TX,US,32.725409,-97.3208496
47,5,2,Ft. Worth,TX,US,Plant,32.725409,-97.3208496,Ft. Worth,TX,US,32.725409,-97.3208496
48,5,2,Ft. Worth,TX,US,Plant,32.725409,-97.3208496,Ft. Worth,TX,US,32.725409,-97.3208496
49,5,2,Ft. Worth,TX,US,Plant,32.725409,-97.3208496,Ft. Worth,TX,US,32.725409,-97.3208496
50,5,2,Ft. Worth,TX,US,Plant,32.725409,-97.3208496,Ft. Worth,TX,US,32.725409,-97.3208496
51,5,2,Ft. Worth,TX,US,Plant,32.725409,-97.3208496,Ft. Worth,TX,US,32.725409,-97.3208496
52,5,2,Ft. Worth,TX,US,Plant,32.725409,-97.3208496,Ft. Worth,TX,US,32.725409,-97.3208496
53,5,2,Ft. Worth,TX,US,Plant,32.725409,-97.3208496,Ft. Worth,TX,US,32.725409,-97.3208496
54,5,2,Ft. Worth,TX,US,Plant,32.725409,-97.3208496,Ft. Worth,TX,US,32.725409,-97.3208496
55,5,2,Ft. Worth,TX,US,Plant,32.725409,-97.3208496,Ft. Worth,TX,US,32.725409,-97.3208496
56,5,2,Ft. Worth,TX,US,Plant,32.725409,-97.3208496,Ft. Worth,TX,US,32.725409,-97.3208496
57,5,2,Ft. Worth,TX,US,Plant,32.725409,-97.3208496,Ft. Worth,TX,US,32.725409,-97.3208496
58,5,2,Ft. Worth,TX,US,Plant,32.725409,-97.3208496,Ft. Worth,TX,US,32.725409,-97.3208496
59,5,2,Ft. Worth,TX,US,Plant,32.725409,-97.3208496,Ft. Worth,TX,US,32.725409,-97.3208496
60,5,2,Ft. Worth,TX,US,Plant,32.725409,-97.3208496,Ft. Worth,TX,US,32.725409,-97.3208496
61,5,2,Ft. Worth,TX,US,Plant,32.725409,-97.3208496,Ft. Worth,TX,US,32.725409,-97.3208496
62,5,2,Ft. Worth,TX,US,Plant,32.725409,-97.3208496,Ft. Worth,TX,US,32.725409,-97.3208496
63,5,2,Ft. Worth,TX,US,Plant,32.725409,-97.3208496,Ft. Worth,TX,US,32.725409,-97.3208496
64,5,2,Ft. Worth,TX,US,Plant,32.725409,-97.3208496,Ft. Worth,TX,US,32.725409,-97.3208496
65,5,2,Ft. Worth,TX,US,Plant,32.725409,-97.3208496,Ft. Worth,TX,US,32.725409,-97.3208496
66,5,2,Ft. Worth,TX,US,Plant,32.725409,-97.3208496,Ft. Worth,TX,US,32.725409,-97.3208496
67,5,2,Ft. Worth,TX,US,Plant,32.725409,-97.3208496,Ft. Worth,TX,US,32.725409,-97.3208496
68,5,2,Ft. Worth,TX,US,Plant,32.725409,-97.3208496,Ft. Worth,TX,US,32.725409,-97.3208496
69,5,2,Ft. Worth,TX,US,Plant,32.725409,-97.3208496,Ft. Worth,TX,US,32.725409,-97.3208496
70,5,2,Ft. Worth,TX,US,Plant,32.725409,-97.3208496,Ft. Worth,TX,US,32.725409,-97.3208496
71,5,2,Ft. Worth,TX,US,Plant,32.725409,-97.3208496,Ft. Worth,TX,US,32.725409,-97.3208496
72,5,2,Ft. Worth,TX,US,Plant,32.725409,-97.3208496,Ft. Worth,TX,US,32.725409,-97.3208496
73,5,2,Ft. Worth,TX,US,Plant,32.725409,-97.3208496,Ft. Worth,TX,US,32.725409,-97.3208496
74,5,2,Ft. Worth,TX,US,Plant,32.725409,-97.3208496,Ft. Worth,TX,US,32.725409,-97.3208496
75,5,2,Ft. Worth,TX,US,Plant,32.725409,-97.3208496,Ft. Worth,TX,US,32.725409,-97.3208496
76,5,2,Ft. Worth,TX,US,Plant,32.725409,-97.3208496,Ft. Worth,TX,US,32.725409,-97.3208496
77,5,2,Ft. Worth,TX,US,Plant,32.725409,-97.3208496,Ft. Worth,TX,US,32.725409,-97.3208496
78,5,2,Ft. Worth,TX,US,Plant,32.725409,-97.3208496,Ft. Worth,TX,US,32.725409,-97.3208496
79,5,2,Ft. Worth,TX,US,Plant,32.725409,-97.3208496,Ft. Worth,TX,US,32.725409,-97.3208496
80,5,2,Ft. Worth,TX,US,Plant,32.725409,-97.3208496,Ft. Worth,TX,US,32.725409,-97.3208496
81,5,2,Ft. Worth,TX,US,Plant,32.725409,-97.3208496,Ft. Worth,TX,US,32.725409,-97.3208496
82,5,2,Ft. Worth,TX,US,Plant,32.725409,-97.3208496,Ft. Worth,TX,US,32.725409,-97.3208496
83,5,2,Ft. Worth,TX,US,Plant,32.725409,-97.3208496,Ft. Worth,TX,US,32.725409,-97.3208496
84,5,2,Ft. Worth,TX,US,Plant,32.725409,-97.3208496,Ft. Worth,TX,US,32.725409,-97.3208496
85,5,2,Ft. Worth,TX,US,Plant,32.725409,-97.3208496,Ft. Worth,TX,US,32.725409,-97.3208496
86,5,2,Ft. Worth,TX,US,Plant,32.725409,-97.3208496,Ft. Worth,TX,US,32.725409,-97.3208496
87,5,2,Ft. Worth,TX,US,Plant,32.725409,-97.3208496,Ft. Worth,TX,US,32.725409,-97.3208496
88,5,2,Ft. Worth,TX,US,Plant,32.725409,-97.3208496,Ft. Worth,TX,US,32.725409,-97.3208496
89,5,2,Ft. Worth,TX,US,Plant,32.725409,-97.3208496,Ft. Worth,TX,US,32.725409,-97.3208496
90,5,2,Ft. Worth,TX,US,Plant,32.725409,-97.3208496,Ft. Worth,TX,US,32.725409,-97.3208496
91,5,2,Ft. Worth,TX,US,Plant,32.725409,-97.3208496,Ft. Worth,TX,US,32.725409,-97.3208496
92,5,2,Ft. Worth,TX,US,Plant,32.725409,-97.3208496,Ft. Worth,TX,US,32.725409,-97.3208496
93,5,2,Ft. Worth,TX,US,Plant,32.725409,-97.3208496,Ft. Worth,TX,US,32.725409,-97.3208496
94,5,2,Ft. Worth,TX,US,Plant,32.725409,-97.3208496,Ft. Worth,TX,US,32.725409,-97.3208496
95,5,2,Ft. Worth,TX,US,Plant,32.725409,-97.3208496,Ft. Worth,TX,US,32.725409,-97.3208496
96,5,2,Ft. Worth,TX,US,Plant,32.725409,-97.3208496,Ft. Worth,TX,US,32.725409,-97.3208496
97,5,2,Ft. Worth,TX,US,Plant,32.725409,-97.3208496,Ft. Worth,TX,US,32.725409,-97.3208496
98,5,2,Ft. Worth,TX,US,Plant,32.725409,-97.3208496,Ft. Worth,TX,US,32.725409,-97.3208496
99,5,2,Ft. Worth,TX,US,Plant,32.725409,-97.3208496,Ft. Worth,TX,US,32.725409,-97.3208496
100,5,2,Ft. Worth,TX,US,Plant,32.725409,-97.3208496,Ft. Worth,TX,US,32.725409,-97.3208496
101,6,3,Winston Salem,NC,US,Plant,36.0998596,-80.244216,Winston Salem,NC,US,36.0998596,-80.244216
102,6,3,Winston Salem,NC,US,Plant,36.0998596,-80.244216,Winston Salem,NC,US,36.0998596,-80.244216
103,6,3,Winston Salem,NC,US,Plant,36.0998596,-80.244216,Winston Salem,NC,US,36.0998596,-80.244216
104,6,3,Winston Salem,NC,US,Plant,36.0998596,-80.244216,Winston Salem,NC,US,36.0998596,-80.244216
105,6,3,Winston Salem,NC,US,Plant,36.0998596,-80.244216,Winston Salem,NC,US,36.0998596,-80.244216
106,6,3,Winston Salem,NC,US,Plant,36.0998596,-80.244216,Winston Salem,NC,US,36.0998596,-80.244216
107,6,3,Winston Salem,NC,US,Plant,36.0998596,-80.244216,Winston Salem,NC,US,36.0998596,-80.244216
108,6,3,Winston Salem,NC,US,Plant,36.0998596,-80.244216,Winston Salem,NC,US,36.0998596,-80.244216
109,6,3,Winston Salem,NC,US,Plant,36.0998596,-80.244216,Winston Salem,NC,US,36.0998596,-80.244216
110,6,3,Winston Salem,NC,US,Plant,36.0998596,-80.244216,Winston Salem,NC,US,36.0998596,-80.244216
111,6,3,Winston Salem,NC,US,Plant,36.0998596,-80.244216,Winston Salem,NC,US,36.0998596,-80.244216
112,6,3,Winston Salem,NC,US,Plant,36.0998596,-80.244216,Winston Salem,NC,US,36.0998596,-80.244216
113,6,3,Winston Salem,NC,US,Plant,36.0998596,-80.244216,Winston Salem,NC,US,36.0998596,-80.244216
114,6,3,Winston Salem,NC,US,Plant,36.0998596,-80.244216,Winston Salem,NC,US,36.0998596,-80.244216
115,6,3,Winston Salem,NC,US,Plant,36.0998596,-80.244216,Winston Salem,NC,US,36.0998596,-80.244216
116,6,3,Winston Salem,NC,US,Plant,36.0998596,-80.244216,Winston Salem,NC,US,36.0998596,-80.244216
117,6,3,Winston Salem,NC,US,Plant,36.0998596,-80.244216,Winston Salem,NC,US,36.0998596,-80.244216
118,6,3,Winston Salem,NC,US,Plant,36.0998596,-80.244216,Winston Salem,NC,US,36.0998596,-80.244216
119,6,3,Winston Salem,NC,US,Plant,36.0998596,-80.244216,Winston Salem,NC,US,36.0998596,-80.244216
120,6,3,Winston Salem,NC,US,Plant,36.0998596,-80.244216,Winston Salem,NC,US,36.0998596,-80.244216
121,6,3,Winston Salem,NC,US,Plant,36.0998596,-80.244216,Winston Salem,NC,US,36.0998596,-80.244216
122,6,3,Winston Salem,NC,US,Plant,36.0998596,-80.244216,Winston Salem,NC,US,36.0998596,-80.244216
123,6,3,Winston Salem,NC,US,Plant,36.0998596,-80.244216,Winston Salem,NC,US,36.0998596,-80.244216
124,6,3,Winston Salem,NC,US,Plant,36.0998596,-80.244216,Winston Salem,NC,US,36.0998596,-80.244216
125,6,3,Winston Salem,NC,US,Plant,36.0998596,-80.244216,Winston Salem,NC,US,36.0998596,-80.244216
126,6,3,Winston Salem,NC,US,Plant,36.0998596,-80.244216,Winston Salem,NC,US,36.0998596,-80.244216
127,6,3,Winston Salem,NC,US,Plant,36.0998596,-80.244216,Winston Salem,NC,US,36.0998596,-80.244216
128,6,3,Winston Salem,NC,US,Plant,36.0998596,-80.244216,Winston Salem,NC,US,36.0998596,-80.244216
129,6,3,Winston Salem,NC,US,Plant,36.0998596,-80.244216,Winston Salem,NC,US,36.0998596,-80.244216
130,6,3,Winston Salem,NC,US,Plant,36.0998596,-80.244216,Winston Salem,NC,US,36.0998596,-80.244216
131,6,3,Winston Salem,NC,US,Plant,36.0998596,-80.244216,Winston Salem,NC,US,36.0998596,-80.244216
132,6,3,Winston Salem,NC,US,Plant,36.0998596,-80.244216,Winston Salem,NC,US,36.0998596,-80.244216
133,6,3,Winston Salem,NC,US,Plant,36.0998596,-80.244216,Winston Salem,NC,US,36.0998596,-80.244216
134,6,3,Winston Salem,NC,US,Plant,36.0998596,-80.244216,Winston Salem,NC,US,36.0998596,-80.244216
135,6,3,Winston Salem,NC,US,Plant,36.0998596,-80.244216,Winston Salem,NC,US,36.0998596,-80.244216
136,6,3,Winston Salem,NC,US,Plant,36.0998596,-80.244216,Winston Salem,NC,US,36.0998596,-80.244216
137,6,3,Winston Salem,NC,US,Plant,36.0998596,-80.244216,Winston Salem,NC,US,36.0998596,-80.244216
138,6,3,Winston Salem,NC,US,Plant,36.0998596,-80.244216,Winston Salem,NC,US,36.0998596,-80.244216
139,6,3,Winston Salem,NC,US,Plant,36.0998596,-80.244216,Winston Salem,NC,US,36.0998596,-80.244216
140,6,3,Winston Salem,NC,US,Plant,36.0998596,-80.244216,Winston Salem,NC,US,36.0998596,-80.244216
141,6,3,Winston Salem,NC,US,Plant,36.0998596,-80.244216,Winston Salem,NC,US,36.0998596,-80.244216
142,6,3,Winston Salem,NC,US,Plant,36.0998596,-80.244216,Winston Salem,NC,US,36.0998596,-80.244216
143,6,3,Winston Salem,NC,US,Plant,36.0998596,-80.244216,Winston Salem,NC,US,36.0998596,-80.244216
144,6,3,Winston Salem,NC,US,Plant,36.0998596,-80.244216,Winston Salem,NC,US,36.0998596,-80.244216
145,6,3,Winston Salem,NC,US,Plant,36.0998596,-80.244216,Winston Salem,NC,US,36.0998596,-80.244216
146,6,3,Winston Salem,NC,US,Plant,36.0998596,-80.244216,Winston Salem,NC,US,36.0998596,-80.244216
147,6,3,Winston Salem,NC,US,Plant,36.0998596,-80.244216,Winston Salem,NC,US,36.0998596,-80.244216
148,6,3,Winston Salem,NC,US,Plant,36.0998596,-80.244216,Winston Salem,NC,US,36.0998596,-80.244216
149,6,3,Winston Salem,NC,US,Plant,36.0998596,-80.244216,Winston Salem,NC,US,36.0998596,-80.244216
150,6,3,Winston Salem,NC,US,Plant,36.0998596,-80.244216,Winston Salem,NC,US,36.0998596,-80.244216
151,6,3,Winston Salem,NC,US,Plant,36.0998596,-80.244216,Winston Salem,NC,US,36.0998596,-80.244216
152,6,3,Winston Salem,NC,US,Plant,36.0998596,-80.244216,Winston Salem,NC,US,36.0998596,-80.244216
153,6,3,Winston Salem,NC,US,Plant,36.0998596,-80.244216,Winston Salem,NC,US,36.0998596,-80.244216
154,6,3,Winston Salem,NC,US,Plant,36.0998596,-80.244216,Winston Salem,NC,US,36.0998596,-80.244216
155,6,3,Winston Salem,NC,US,Plant,36.0998596,-80.244216,Winston Salem,NC,US,36.0998596,-80.244216
156,6,3,Winston Salem,NC,US,Plant,36.0998596,-80.244216,Winston Salem,NC,US,36.0998596,-80.244216
157,6,3,Winston Salem,NC,US,Plant,36.0998596,-80.244216,Winston Salem,NC,US,36.0998596,-80.244216
158,6,3,Winston Salem,NC,US,Plant,36.0998596,-80.244216,Winston Salem,NC,US,36.0998596,-80.244216
159,6,3,Winston Salem,NC,US,Plant,36.0998596,-80.244216,Winston Salem,NC,US,36.0998596,-80.244216
160,6,3,Winston Salem,NC,US,Plant,36.0998596,-80.244216,Winston Salem,NC,US,36.0998596,-80.244216
161,6,3,Winston Salem,NC,US,Plant,36.0998596,-80.244216,Winston Salem,NC,US,36.0998596,-80.244216
162,6,3,Winston Salem,NC,US,Plant,36.0998596,-80.244216,Winston Salem,NC,US,36.0998596,-80.244216
163,6,3,Winston Salem,NC,US,Plant,36.0998596,-80.244216,Winston Salem,NC,US,36.0998596,-80.244216
164,6,3,Winston Salem,NC,US,Plant,36.0998596,-80.244216,Winston Salem,NC,US,36.0998596,-80.244216
165,6,3,Winston Salem,NC,US,Plant,36.0998596,-80.244216,Winston Salem,NC,US,36.0998596,-80.244216
166,6,3,Winston Salem,NC,US,Plant,36.0998596,-80.244216,Winston Salem,NC,US,36.0998596,-80.244216
167,6,3,Winston Salem,NC,US,Plant,36.0998596,-80.244216,Winston Salem,NC,US,36.0998596,-80.244216
168,6,3,Winston Salem,NC,US,Plant,36.0998596,-80.244216,Winston Salem,NC,US,36.0998596,-80.244216
169,6,3,Winston Salem,NC,US,Plant,36.0998596,-80.244216,Winston Salem,NC,US,36.0998596,-80.244216
170,6,3,Winston Salem,NC,US,Plant,36.0998596,-80.244216,Winston Salem,NC,US,36.0998596,-80.244216
171,6,3,Winston Salem,NC,US,Plant,36.0998596,-80.244216,Winston Salem,NC,US,36.0998596,-80.244216
172,6,3,Winston Salem,NC,US,Plant,36.0998596,-80.244216,Winston Salem,NC,US,36.0998596,-80.244216
173,6,3,Winston Salem,NC,US,Plant,36.0998596,-80.244216,Winston Salem,NC,US,36.0998596,-80.244216
174,6,3,Winston Salem,NC,US,Plant,36.0998596,-80.244216,Winston Salem,NC,US,36.0998596,-80.244216
175,6,3,Winston Salem,NC,US,Plant,36.0998596,-80.244216,Winston Salem,NC,US,36.0998596,-80.244216
176,6,3,Winston Salem,NC,US,Plant,36.0998596,-80.244216,Winston Salem,NC,US,36.0998596,-80.244216
177,6,3,Winston Salem,NC,US,Plant,36.0998596,-80.244216,Winston Salem,NC,US,36.0998596,-80.244216
178,6,3,Winston Salem,NC,US,Plant,36.0998596,-80.244216,Winston Salem,NC,US,36.0998596,-80.244216
179,6,3,Winston Salem,NC,US,Plant,36.0998596,-80.244216,Winston Salem,NC,US,36.0998596,-80.244216
180,6,3,Winston Salem,NC,US,Plant,36.0998596,-80.244216,Winston Salem,NC,US,36.0998596,-80.244216
181,6,3,Winston Salem,NC,US,Plant,36.0998596,-80.244216,Winston Salem,NC,US,36.0998596,-80.244216
182,6,3,Winston Salem,NC,US,Plant,36.0998596,-80.244216,Winston Salem,NC,US,36.0998596,-80.244216
183,6,3,Winston Salem,NC,US,Plant,36.0998596,-80.244216,Winston Salem,NC,US,36.0998596,-80.244216
184,6,3,Winston Salem,NC,US,Plant,36.0998596,-80.244216,Winston Salem,NC,US,36.0998596,-80.244216
185,6,3,Winston Salem,NC,US,Plant,36.0998596,-80.244216,Winston Salem,NC,US,36.0998596,-80.244216
186,6,3,Winston Salem,NC,US,Plant,36.0998596,-80.244216,Winston Salem,NC,US,36.0998596,-80.244216
187,6,3,Winston Salem,NC,US,Plant,36.0998596,-80.244216,Winston Salem,NC,US,36.0998596,-80.244216
188,6,3,Winston Salem,NC,US,Plant,36.0998596,-80.244216,Winston Salem,NC,US,36.0998596,-80.244216
189,6,3,Winston Salem,NC,US,Plant,36.0998596,-80.244216,Winston Salem,NC,US,36.0998596,-80.244216
190,6,3,Winston Salem,NC,US,Plant,36.0998596,-80.244216,Winston Salem,NC,US,36.0998596,-80.244216
191,6,3,Winston Salem,NC,US,Plant,36.0998596,-80.244216,Winston Salem,NC,US,36.0998596,-80.244216
192,6,3,Winston Salem,NC,US,Plant,36.0998596,-80.244216,Winston Salem,NC,US,36.0998596,-80.244216
193,6,3,Winston Salem,NC,US,Plant,36.0998596,-80.244216,Winston Salem,NC,US,36.0998596,-80.244216
194,6,3,Winston Salem,NC,US,Plant,36.0998596,-80.244216,Winston Salem,NC,US,36.0998596,-80.244216
195,6,3,Winston Salem,NC,US,Plant,36.0998596,-80.244216,Winston Salem,NC,US,36.0998596,-80.244216
196,6,3,Winston Salem,NC,US,Plant,36.0998596,-80.244216,Winston Salem,NC,US,36.0998596,-80.244216
197,6,3,Winston Salem,NC,US,Plant,36.0998596,-80.244216,Winston Salem,NC,US,36.0998596,-80.244216
198,6,3,Winston Salem,NC,US,Plant,36.0998596,-80.244216,Winston Salem,NC,US,36.0998596,-80.244216
199,6,3,Winston Salem,NC,US,Plant,36.0998596,-80.244216,Winston Salem,NC,US,36.0998596,-80.244216
200,6,3,Winston Salem,NC,US,Plant,36.0998596,-80.244216,Winston Salem,NC,US,36.0998596,-80.244216
201,6,3,Winston Salem,NC,US,Plant,36.0998596,-80.244216,Winston Salem,NC,US,36.0998596,-80.244216
202,6,3,Winston Salem,NC,US,Plant,36.0998596,-80.244216,Winston Salem,NC,US,36.0998596,-80.244216
203,6,3,Winston Salem,NC,US,Plant,36.0998596,-80.244216,Winston Salem,NC,US,36.0998596,-80.244216
204,6,3,Winston Salem,NC,US,Plant,36.0998596,-80.244216,Winston Salem,NC,US,36.0998596,-80.244216
205,6,3,Winston Salem,NC,US,Plant,36.0998596,-80.244216,Winston Salem,NC,US,36.0998596,-80.244216
206,6,3,Winston Salem,NC,US,Plant,36.0998596,-80.244216,Winston Salem,NC,US,36.0998596,-80.244216
207,6,3,Winston Salem,NC,US,Plant,36.0998596,-80.244216,Winston Salem,NC,US,36.0998596,-80.244216
208,6,3,Winston Salem,NC,US,Plant,36.0998596,-80.244216,Winston Salem,NC,US,36.0998596,-80.244216
209,6,3,Winston Salem,NC,US,Plant,36.0998596,-80.244216,Winston Salem,NC,US,36.0998596,-80.244216
210,6,3,Winston Salem,NC,US,Plant,36.0998596,-80.244216,Winston Salem,NC,US,36.0998596,-80.244216
211,6,3,Winston Salem,NC,US,Plant,36.0998596,-80.244216,Winston Salem,NC,US,36.0998596,-80.244216
212,6,3,Winston Salem,NC,US,Plant,36.0998596,-80.244216,Winston Salem,NC,US,36.0998596,-80.244216
213,6,3,Winston Salem,NC,US,Plant,36.0998596,-80.244216,Winston Salem,NC,US,36.0998596,-80.244216
214,6,3,Winston Salem,NC,US,Plant,36.0998596,-80.244216,Winston Salem,NC,US,36.0998596,-80.244216
215,6,3,Winston Salem,NC,US,Plant,36.0998596,-80.244216,Winston Salem,NC,US,36.0998596,-80.244216
216,6,3,Winston Salem,NC,US,Plant,36.0998596,-80.244216,Winston Salem,NC,US,36.0998596,-80.244216
217,6,3,Winston Salem,NC,US,Plant,36.0998596,-80.244216,Winston Salem,NC,US,36.0998596,-80.244216
218,6,3,Winston Salem,NC,US,Plant,36.0998596,-80.244216,Winston Salem,NC,US,36.0998596,-80.244216
219,6,3,Winston Salem,NC,US,Plant,36.0998596,-80.244216,Winston Salem,NC,US,36.0998596,-80.244216
220,6,3,Winston Salem,NC,US,Plant,36.0998596,-80.244216,Winston Salem,NC,US,36.0998596,-80.244216
221,6,3,Winston Salem,NC,US,Plant,36.0998596,-80.244216,Winston Salem,NC,US,36.0998596,-80.244216
222,6,3,Winston Salem,NC,US,Plant,36.0998596,-80.244216,Winston Salem,NC,US,36.0998596,-80.244216
223,6,3,Winston Salem,NC,US,Plant,36.0998596,-80.244216,Winston Salem,NC,US,36.0998596,-80.244216
224,6,3,Winston Salem,NC,US,Plant,36.0998596,-80.244216,Winston Salem,NC,US,36.0998596,-80.244216
225,6,3,Winston Salem,NC,US,Plant,36.0998596,-80.244216,Winston Salem,NC,US,36.0998596,-80.244216
226,6,3,Winston Salem,NC,US,Plant,36.0998596,-80.244216,Winston Salem,NC,US,36.0998596,-80.244216
227,6,3,Winston Salem,NC,US,Plant,36.0998596,-80.244216,Winston Salem,NC,US,36.0998596,-80.244216
228,6,3,Winston Salem,NC,US,Plant,36.0998596,-80.244216,Winston Salem,NC,US,36.0998596,-80.244216
229,6,3,Winston Salem,NC,US,Plant,36.0998596,-80.244216,Winston Salem,NC,US,36.0998596,-80.244216
230,6,3,Winston Salem,NC,US,Plant,36.0998596,-80.244216,Winston Salem,NC,US,36.0998596,-80.244216
231,6,3,Winston Salem,NC,US,Plant,36.0998596,-80.244216,Winston Salem,NC,US,36.0998596,-80.244216
232,6,3,Winston Salem,NC,US,Plant,36.0998596,-80.244216,Winston Salem,NC,US,36.0998596,-80.244216
233,6,3,Winston Salem,NC,US,Plant,36.0998596,-80.244216,Winston Salem,NC,US,36.0998596,-80.244216
234,6,3,Winston Salem,NC,US,Plant,36.0998596,-80.244216,Winston Salem,NC,US,36.0998596,-80.244216
235,6,3,Winston Salem,NC,US,Plant,36.0998596,-80.244216,Winston Salem,NC,US,36.0998596,-80.244216
236,6,3,Winston Salem,NC,US,Plant,36.0998596,-80.244216,Winston Salem,NC,US,36.0998596,-80.244216
237,6,3,Winston Salem,NC,US,Plant,36.0998596,-80.244216,Winston Salem,NC,US,36.0998596,-80.244216
238,6,3,Winston Salem,NC,US,Plant,36.0998596,-80.244216,Winston Salem,NC,US,36.0998596,-80.244216
239,6,3,Winston Salem,NC,US,Plant,36.0998596,-80.244216,Winston Salem,NC,US,36.0998596,-80.244216
240,6,3,Winston Salem,NC,US,Plant,36.0998596,-80.244216,Winston Salem,NC,US,36.0998596,-80.244216
241,4,16,Tacoma,WA,US,Customer,47.2528768,-122.4442906,Las Vegas,NV,US,36.114646,-115.172816
242,4,16,Tacoma,WA,US,Customer,47.2528768,-122.4442906,Las Vegas,NV,US,36.114646,-115.172816
243,4,16,Tacoma,WA,US,Customer,47.2528768,-122.4442906,Las Vegas,NV,US,36.114646,-115.172816
244,4,16,Tacoma,WA,US,Customer,47.2528768,-122.4442906,Las Vegas,NV,US,36.114646,-115.172816
245,4,17,Tacoma,WA,US,Customer,47.2528768,-122.4442906,Bend,OR,US,44.0581728,-121.3153096
246,4,17,Tacoma,WA,US,Customer,47.2528768,-122.4442906,Bend,OR,US,44.0581728,-121.3153096
247,4,17,Tacoma,WA,US,Customer,47.2528768,-122.4442906,Bend,OR,US,44.0581728,-121.3153096
248,4,17,Tacoma,WA,US,Customer,47.2528768,-122.4442906,Bend,OR,US,44.0581728,-121.3153096
249,4,36,Tacoma,WA,US,Customer,47.2528768,-122.4442906,San Luis Obispo,CA,US,35.2827524,-120.6596156
250,4,36,Tacoma,WA,US,Customer,47.2528768,-122.4442906,San Luis Obispo,CA,US,35.2827524,-120.6596156
251,4,36,Tacoma,WA,US,Customer,47.2528768,-122.4442906,San Luis Obispo,CA,US,35.2827524,-120.6596156
252,4,36,Tacoma,WA,US,Customer,47.2528768,-122.4442906,San Luis Obispo,CA,US,35.2827524,-120.6596156
253,4,38,Tacoma,WA,US,Customer,47.2528768,-122.4442906,Spokane,WA,US,47.6587802,-117.4260466
254,4,38,Tacoma,WA,US,Customer,47.2528768,-122.4442906,Spokane,WA,US,47.6587802,-117.4260466
255,4,38,Tacoma,WA,US,Customer,47.2528768,-122.4442906,Spokane,WA,US,47.6587802,-117.4260466
256,4,38,Tacoma,WA,US,Customer,47.2528768,-122.4442906,Spokane,WA,US,47.6587802,-117.4260466
257,4,39,Tacoma,WA,US,Customer,47.2528768,-122.4442906,Eureka,CA,US,40.8020712,-124.1636729
258,4,39,Tacoma,WA,US,Customer,47.2528768,-122.4442906,Eureka,CA,US,40.8020712,-124.1636729
259,4,39,Tacoma,WA,US,Customer,47.2528768,-122.4442906,Eureka,CA,US,40.8020712,-124.1636729
260,4,39,Tacoma,WA,US,Customer,47.2528768,-122.4442906,Eureka,CA,US,40.8020712,-124.1636729
261,4,40,Tacoma,WA,US,Customer,47.2528768,-122.4442906,Salinas,CA,US,36.6777372,-121.6555013
262,4,40,Tacoma,WA,US,Customer,47.2528768,-122.4442906,Salinas,CA,US,36.6777372,-121.6555013
263,4,40,Tacoma,WA,US,Customer,47.2528768,-122.4442906,Salinas,CA,US,36.6777372,-121.6555013
264,4,40,Tacoma,WA,US,Customer,47.2528768,-122.4442906,Salinas,CA,US,36.6777372,-121.6555013
265,4,43,Tacoma,WA,US,Customer,47.2528768,-122.4442906,Salt Lake City,UT,US,40.7607793,-111.8910474
266,4,43,Tacoma,WA,US,Customer,47.2528768,-122.4442906,Salt Lake City,UT,US,40.7607793,-111.8910474
267,4,43,Tacoma,WA,US,Customer,47.2528768,-122.4442906,Salt Lake City,UT,US,40.7607793,-111.8910474
268,4,43,Tacoma,WA,US,Customer,47.2528768,-122.4442906,Salt Lake City,UT,US,40.7607793,-111.8910474
269,4,51,Tacoma,WA,US,Customer,47.2528768,-122.4442906,Modesto,CA,US,37.6390972,-120.9968782
270,4,51,Tacoma,WA,US,Customer,47.2528768,-122.4442906,Modesto,CA,US,37.6390972,-120.9968782
271,4,51,Tacoma,WA,US,Customer,47.2528768,-122.4442906,Modesto,CA,US,37.6390972,-120.9968782
272,4,51,Tacoma,WA,US,Customer,47.2528768,-122.4442906,Modesto,CA,US,37.6390972,-120.9968782
273,4,66,Tacoma,WA,US,Customer,47.2528768,-122.4442906,Missoula,MT,US,46.872146,-113.9939982
274,4,66,Tacoma,WA,US,Customer,47.2528768,-122.4442906,Missoula,MT,US,46.872146,-113.9939982
275,4,66,Tacoma,WA,US,Customer,47.2528768,-122.4442906,Missoula,MT,US,46.872146,-113.9939982
276,4,66,Tacoma,WA,US,Customer,47.2528768,-122.4442906,Missoula,MT,US,46.872146,-113.9939982
277,5,19,Ft. Worth,TX,US,Customer,32.725409,-97.3208496,Phoenix,AZ,US,33.4483771,-112.0740373
278,5,19,Ft. Worth,TX,US,Customer,32.725409,-97.3208496,Phoenix,AZ,US,33.4483771,-112.0740373
279,5,19,Ft. Worth,TX,US,Customer,32.725409,-97.3208496,Phoenix,AZ,US,33.4483771,-112.0740373
280,5,19,Ft. Worth,TX,US,Customer,32.725409,-97.3208496,Phoenix,AZ,US,33.4483771,-112.0740373
281,5,20,Ft. Worth,TX,US,Customer,32.725409,-97.3208496,Gulfport,MS,US,30.3674198,-89.0928155
282,5,20,Ft. Worth,TX,US,Customer,32.725409,-97.3208496,Gulfport,MS,US,30.3674198,-89.0928155
283,5,20,Ft. Worth,TX,US,Customer,32.725409,-97.3208496,Gulfport,MS,US,30.3674198,-89.0928155
284,5,20,Ft. Worth,TX,US,Customer,32.725409,-97.3208496,Gulfport,MS,US,30.3674198,-89.0928155
285,5,21,Ft. Worth,TX,US,Customer,32.725409,-97.3208496,Pine Bluff,AR,US,34.2284312,-92.0031955
286,5,21,Ft. Worth,TX,US,Customer,32.725409,-97.3208496,Pine Bluff,AR,US,34.2284312,-92.0031955
287,5,21,Ft. Worth,TX,US,Customer,32.725409,-97.3208496,Pine Bluff,AR,US,34.2284312,-92.0031955
288,5,21,Ft. Worth,TX,US,Customer,32.725409,-97.3208496,Pine Bluff,AR,US,34.2284312,-92.0031955
289,5,25,Ft. Worth,TX,US,Customer,32.725409,-97.3208496,Topeka,KS,US,39.0483336,-95.6780371
290,5,25,Ft. Worth,TX,US,Customer,32.725409,-97.3208496,Topeka,KS,US,39.0483336,-95.6780371
291,5,25,Ft. Worth,TX,US,Customer,32.725409,-97.3208496,Topeka,KS,US,39.0483336,-95.6780371
292,5,25,Ft. Worth,TX,US,Customer,32.725409,-97.3208496,Topeka,KS,US,39.0483336,-95.6780371
293,5,26,Ft. Worth,TX,US,Customer,32.725409,-97.3208496,Longview,TX,US,32.5007037,-94.7404891
294,5,26,Ft. Worth,TX,US,Customer,32.725409,-97.3208496,Longview,TX,US,32.5007037,-94.7404891
295,5,26,Ft. Worth,TX,US,Customer,32.725409,-97.3208496,Longview,TX,US,32.5007037,-94.7404891
296,5,26,Ft. Worth,TX,US,Customer,32.725409,-97.3208496,Longview,TX,US,32.5007037,-94.7404891
297,5,28,Ft. Worth,TX,US,Customer,32.725409,-97.3208496,Pensacola,FL,US,30.421309,-87.2169149
298,5,28,Ft. Worth,TX,US,Customer,32.725409,-97.3208496,Pensacola,FL,US,30.421309,-87.2169149
299,5,28,Ft. Worth,TX,US,Customer,32.725409,-97.3208496,Pensacola,FL,US,30.421309,-87.2169149
300,5,28,Ft. Worth,TX,US,Customer,32.725409,-97.3208496,Pensacola,FL,US,30.421309,-87.2169149
301,5,31,Ft. Worth,TX,US,Customer,32.725409,-97.3208496,Montrose,CO,US,38.4783198,-107.8761738
302,5,31,Ft. Worth,TX,US,Customer,32.725409,-97.3208496,Montrose,CO,US,38.4783198,-107.8761738
303,5,31,Ft. Worth,TX,US,Customer,32.725409,-97.3208496,Montrose,CO,US,38.4783198,-107.8761738
304,5,31,Ft. Worth,TX,US,Customer,32.725409,-97.3208496,Montrose,CO,US,38.4783198,-107.8761738
305,5,32,Ft. Worth,TX,US,Customer,32.725409,-97.3208496,Omaha,NE,US,41.254006,-95.999258
306,5,32,Ft. Worth,TX,US,Customer,32.725409,-97.3208496,Omaha,NE,US,41.254006,-95.999258
307,5,32,Ft. Worth,TX,US,Customer,32.725409,-97.3208496,Omaha,NE,US,41.254006,-95.999258
308,5,32,Ft. Worth,TX,US,Customer,32.725409,-97.3208496,Omaha,NE,US,41.254006,-95.999258
309,5,45,Ft. Worth,TX,US,Customer,32.725409,-97.3208496,Austin,MN,US,43.6666296,-92.9746367
310,5,45,Ft. Worth,TX,US,Customer,32.725409,-97.3208496,Austin,MN,US,43.6666296,-92.9746367
311,5,45,Ft. Worth,TX,US,Customer,32.725409,-97.3208496,Austin,MN,US,43.6666296,-92.9746367
312,5,45,Ft. Worth,TX,US,Customer,32.725409,-97.3208496,Austin,MN,US,43.6666296,-92.9746367
313,5,55,Ft. Worth,TX,US,Customer,32.725409,-97.3208496,Shreveport,LA,US,32.5251516,-93.7501789
314,5,55,Ft. Worth,TX,US,Customer,32.725409,-97.3208496,Shreveport,LA,US,32.5251516,-93.7501789
315,5,55,Ft. Worth,TX,US,Customer,32.725409,-97.3208496,Shreveport,LA,US,32.5251516,-93.7501789
316,5,55,Ft. Worth,TX,US,Customer,32.725409,-97.3208496,Shreveport,LA,US,32.5251516,-93.7501789
317,5,57,Ft. Worth,TX,US,Customer,32.725409,-97.3208496,Corpus Christi,TX,US,27.8005828,-97.396381
318,5,57,Ft. Worth,TX,US,Customer,32.725409,-97.3208496,Corpus Christi,TX,US,27.8005828,-97.396381
319,5,57,Ft. Worth,TX,US,Customer,32.725409,-97.3208496,Corpus Christi,TX,US,27.8005828,-97.396381
320,5,57,Ft. Worth,TX,US,Customer,32.725409,-97.3208496,Corpus Christi,TX,US,27.8005828,-97.396381
321,5,59,Ft. Worth,TX,US,Customer,32.725409,-97.3208496,New Orleans,LA,US,29.9647222,-90.0705556
322,5,59,Ft. Worth,TX,US,Customer,32.725409,-97.3208496,New Orleans,LA,US,29.9647222,-90.0705556
323,5,59,Ft. Worth,TX,US,Customer,32.725409,-97.3208496,New Orleans,LA,US,29.9647222,-90.0705556
324,5,59,Ft. Worth,TX,US,Customer,32.725409,-97.3208496,New Orleans,LA,US,29.9647222,-90.0705556
325,5,62,Ft. Worth,TX,US,Customer,32.725409,-97.3208496,Lafayette,LA,US,30.2240897,-92.0198427
326,5,62,Ft. Worth,TX,US,Customer,32.725409,-97.3208496,Lafayette,LA,US,30.2240897,-92.0198427
327,5,62,Ft. Worth,TX,US,Customer,32.725409,-97.3208496,Lafayette,LA,US,30.2240897,-92.0198427
328,5,62,Ft. Worth,TX,US,Customer,32.725409,-97.3208496,Lafayette,LA,US,30.2240897,-92.0198427
329,5,67,Ft. Worth,TX,US,Customer,32.725409,-97.3208496,Bryan,TX,US,30.6743643,-96.3699632
330,5,67,Ft. Worth,TX,US,Customer,32.725409,-97.3208496,Bryan,TX,US,30.6743643,-96.3699632
331,5,67,Ft. Worth,TX,US,Customer,32.725409,-97.3208496,Bryan,TX,US,30.6743643,-96.3699632
332,5,67,Ft. Worth,TX,US,Customer,32.725409,-97.3208496,Bryan,TX,US,30.6743643,-96.3699632
333,5,70,Ft. Worth,TX,US,Customer,32.725409,-97.3208496,Amarillo,TX,US,35.2219971,-101.8312969
334,5,70,Ft. Worth,TX,US,Customer,32.725409,-97.3208496,Amarillo,TX,US,35.2219971,-101.8312969
335,5,70,Ft. Worth,TX,US,Customer,32.725409,-97.3208496,Amarillo,TX,US,35.2219971,-101.8312969
336,5,70,Ft. Worth,TX,US,Customer,32.725409,-97.3208496,Amarillo,TX,US,35.2219971,-101.8312969
337,5,73,Ft. Worth,TX,US,Customer,32.725409,-97.3208496,Lawton,OK,US,34.6086854,-98.3903305
338,5,73,Ft. Worth,TX,US,Customer,32.725409,-97.3208496,Lawton,OK,US,34.6086854,-98.3903305
339,5,73,Ft. Worth,TX,US,Customer,32.725409,-97.3208496,Lawton,OK,US,34.6086854,-98.3903305
340,5,73,Ft. Worth,TX,US,Customer,32.725409,-97.3208496,Lawton,OK,US,34.6086854,-98.3903305
341,6,14,Winston Salem,NC,US,Customer,36.0998596,-80.244216,Scranton,PA,US,41.408969,-75.6624122
342,6,14,Winston Salem,NC,US,Customer,36.0998596,-80.244216,Scranton,PA,US,41.408969,-75.6624122
343,6,14,Winston Salem,NC,US,Customer,36.0998596,-80.244216,Scranton,PA,US,41.408969,-75.6624122
344,6,14,Winston Salem,NC,US,Customer,36.0998596,-80.244216,Scranton,PA,US,41.408969,-75.6624122
345,6,15,Winston Salem,NC,US,Customer,36.0998596,-80.244216,Harrisonburg,VA,US,38.4495688,-78.8689155
346,6,15,Winston Salem,NC,US,Customer,36.0998596,-80.244216,Harrisonburg,VA,US,38.4495688,-78.8689155
347,6,15,Winston Salem,NC,US,Customer,36.0998596,-80.244216,Harrisonburg,VA,US,38.4495688,-78.8689155
348,6,15,Winston Salem,NC,US,Customer,36.0998596,-80.244216,Harrisonburg,VA,US,38.4495688,-78.8689155
349,6,18,Winston Salem,NC,US,Customer,36.0998596,-80.244216,Appleton,WI,US,44.2619309,-88.4153847
350,6,18,Winston Salem,NC,US,Customer,36.0998596,-80.244216,Appleton,WI,US,44.2619309,-88.4153847
351,6,18,Winston Salem,NC,US,Customer,36.0998596,-80.244216,Appleton,WI,US,44.2619309,-88.4153847
352,6,18,Winston Salem,NC,US,Customer,36.0998596,-80.244216,Appleton,WI,US,44.2619309,-88.4153847
353,6,22,Winston Salem,NC,US,Customer,36.0998596,-80.244216,Philadelphia,PA,US,39.952335,-75.163789
354,6,22,Winston Salem,NC,US,Customer,36.0998596,-80.244216,Philadelphia,PA,US,39.952335,-75.163789
355,6,22,Winston Salem,NC,US,Customer,36.0998596,-80.244216,Philadelphia,PA,US,39.952335,-75.163789
356,6,22,Winston Salem,NC,US,Customer,36.0998596,-80.244216,Philadelphia,PA,US,39.952335,-75.163789
357,6,23,Winston Salem,NC,US,Customer,36.0998596,-80.244216,Dayton,OH,US,39.7589478,-84.1916069
358,6,23,Winston Salem,NC,US,Customer,36.0998596,-80.244216,Dayton,OH,US,39.7589478,-84.1916069
359,6,23,Winston Salem,NC,US,Customer,36.0998596,-80.244216,Dayton,OH,US,39.7589478,-84.1916069
360,6,23,Winston Salem,NC,US,Customer,36.0998596,-80.244216,Dayton,OH,US,39.7589478,-84.1916069
361,6,24,Winston Salem,NC,US,Customer,36.0998596,-80.244216,West Point,MS,US,33.6076186,-88.6503254
362,6,24,Winston Salem,NC,US,Customer,36.0998596,-80.244216,West Point,MS,US,33.6076186,-88.6503254
363,6,24,Winston Salem,NC,US,Customer,36.0998596,-80.244216,West Point,MS,US,33.6076186,-88.6503254
364,6,24,Winston Salem,NC,US,Customer,36.0998596,-80.244216,West Point,MS,US,33.6076186,-88.6503254
365,6,27,Winston Salem,NC,US,Customer,36.0998596,-80.244216,Watertown,NY,US,43.9747838,-75.9107565
366,6,27,Winston Salem,NC,US,Customer,36.0998596,-80.244216,Watertown,NY,US,43.9747838,-75.9107565
367,6,27,Winston Salem,NC,US,Customer,36.0998596,-80.244216,Watertown,NY,US,43.9747838,-75.9107565
368,6,27,Winston Salem,NC,US,Customer,36.0998596,-80.244216,Watertown,NY,US,43.9747838,-75.9107565
369,6,29,Winston Salem,NC,US,Customer,36.0998596,-80.244216,Thomasville,GA,US,30.8365815,-83.9787808
370,6,29,Winston Salem,NC,US,Customer,36.0998596,-80.244216,Thomasville,GA,US,30.8365815,-83.9787808
371,6,29,Winston Salem,NC,US,Customer,36.0998596,-80.244216,Thomasville,GA,US,30.8365815,-83.9787808
372,6,29,Winston Salem,NC,US,Customer,36.0998596,-80.244216,Thomasville,GA,US,30.8365815,-83.9787808
373,6,30,Winston Salem,NC,US,Customer,36.0998596,-80.244216,Eau Claire,WI,US,44.811349,-91.4984941
374,6,30,Winston Salem,NC,US,Customer,36.0998596,-80.244216,Eau Claire,WI,US,44.811349,-91.4984941
375,6,30,Winston Salem,NC,US,Customer,36.0998596,-80.244216,Eau Claire,WI,US,44.811349,-91.4984941
376,6,30,Winston Salem,NC,US,Customer,36.0998596,-80.244216,Eau Claire,WI,US,44.811349,-91.4984941
377,6,33,Winston Salem,NC,US,Customer,36.0998596,-80.244216,Birmingham,AL,US,33.5206608,-86.80249
378,6,33,Winston Salem,NC,US,Customer,36.0998596,-80.244216,Birmingham,AL,US,33.5206608,-86.80249
379,6,33,Winston Salem,NC,US,Customer,36.0998596,-80.244216,Birmingham,AL,US,33.5206608,-86.80249
380,6,33,Winston Salem,NC,US,Customer,36.0998596,-80.244216,Birmingham,AL,US,33.5206608,-86.80249
381,6,34,Winston Salem,NC,US,Customer,36.0998596,-80.244216,Fayetteville,NC,US,35.0526641,-78.8783585
382,6,34,Winston Salem,NC,US,Customer,36.0998596,-80.244216,Fayetteville,NC,US,35.0526641,-78.8783585
383,6,34,Winston Salem,NC,US,Customer,36.0998596,-80.244216,Fayetteville,NC,US,35.0526641,-78.8783585
384,6,34,Winston Salem,NC,US,Customer,36.0998596,-80.244216,Fayetteville,NC,US,35.0526641,-78.8783585
385,6,35,Winston Salem,NC,US,Customer,36.0998596,-80.244216,Troy,NY,US,42.7284117,-73.6917851
386,6,35,Winston Salem,NC,US,Customer,36.0998596,-80.244216,Troy,NY,US,42.7284117,-73.6917851
387,6,35,Winston Salem,NC,US,Customer,36.0998596,-80.244216,Troy,NY,US,42.7284117,-73.6917851
388,6,35,Winston Salem,NC,US,Customer,36.0998596,-80.244216,Troy,NY,US,42.7284117,-73.6917851
389,6,37,Winston Salem,NC,US,Customer,36.0998596,-80.244216,Cincinnati,OH,US,39.1361111,-84.5030556
390,6,37,Winston Salem,NC,US,Customer,36.0998596,-80.244216,Cincinnati,OH,US,39.1361111,-84.5030556
391,6,37,Winston Salem,NC,US,Customer,36.0998596,-80.244216,Cincinnati,OH,US,39.1361111,-84.5030556
392,6,37,Winston Salem,NC,US,Customer,36.0998596,-80.244216,Cincinnati,OH,US,39.1361111,-84.5030556
393,6,41,Winston Salem,NC,US,Customer,36.0998596,-80.244216,Hagerstown,MD,US,39.6417629,-77.7199932
394,6,41,Winston Salem,NC,US,Customer,36.0998596,-80.244216,Hagerstown,MD,US,39.6417629,-77.7199932
395,6,41,Winston Salem,NC,US,Customer,36.0998596,-80.244216,Hagerstown,MD,US,39.6417629,-77.7199932
396,6,41,Winston Salem,NC,US,Customer,36.0998596,-80.244216,Hagerstown,MD,US,39.6417629,-77.7199932
397,6,42,Winston Salem,NC,US,Customer,36.0998596,-80.244216,Washington,NC,US,35.5465517,-77.0521742
398,6,42,Winston Salem,NC,US,Customer,36.0998596,-80.244216,Washington,NC,US,35.5465517,-77.0521742
399,6,42,Winston Salem,NC,US,Customer,36.0998596,-80.244216,Washington,NC,US,35.5465517,-77.0521742
400,6,42,Winston Salem,NC,US,Customer,36.0998596,-80.244216,Washington,NC,US,35.5465517,-77.0521742
401,6,44,Winston Salem,NC,US,Customer,36.0998596,-80.244216,Louisville,KY,US,38.2542376,-85.759407
402,6,44,Winston Salem,NC,US,Customer,36.0998596,-80.244216,Louisville,KY,US,38.2542376,-85.759407
403,6,44,Winston Salem,NC,US,Customer,36.0998596,-80.244216,Louisville,KY,US,38.2542376,-85.759407
404,6,44,Winston Salem,NC,US,Customer,36.0998596,-80.244216,Louisville,KY,US,38.2542376,-85.759407
405,6,46,Winston Salem,NC,US,Customer,36.0998596,-80.244216,Selma,AL,US,32.4073589,-87.0211007
406,6,46,Winston Salem,NC,US,Customer,36.0998596,-80.244216,Selma,AL,US,32.4073589,-87.0211007
407,6,46,Winston Salem,NC,US,Customer,36.0998596,-80.244216,Selma,AL,US,32.4073589,-87.0211007
408,6,46,Winston Salem,NC,US,Customer,36.0998596,-80.244216,Selma,AL,US,32.4073589,-87.0211007
409,6,47,Winston Salem,NC,US,Customer,36.0998596,-80.244216,Myrtle Beach,SC,US,33.6890603,-78.8866943
410,6,47,Winston Salem,NC,US,Customer,36.0998596,-80.244216,Myrtle Beach,SC,US,33.6890603,-78.8866943
411,6,47,Winston Salem,NC,US,Customer,36.0998596,-80.244216,Myrtle Beach,SC,US,33.6890603,-78.8866943
412,6,47,Winston Salem,NC,US,Customer,36.0998596,-80.244216,Myrtle Beach,SC,US,33.6890603,-78.8866943
413,6,48,Winston Salem,NC,US,Customer,36.0998596,-80.244216,Pensacola ,FL,US,30.421309,-87.2169149
414,6,48,Winston Salem,NC,US,Customer,36.0998596,-80.244216,Pensacola ,FL,US,30.421309,-87.2169149
415,6,48,Winston Salem,NC,US,Customer,36.0998596,-80.244216,Pensacola ,FL,US,30.421309,-87.2169149
416,6,48,Winston Salem,NC,US,Customer,36.0998596,-80.244216,Pensacola ,FL,US,30.421309,-87.2169149
417,6,49,Winston Salem,NC,US,Customer,36.0998596,-80.244216,Jacksonville,FL,US,30.3321838,-81.655651
418,6,49,Winston Salem,NC,US,Customer,36.0998596,-80.244216,Jacksonville,FL,US,30.3321838,-81.655651
419,6,49,Winston Salem,NC,US,Customer,36.0998596,-80.244216,Jacksonville,FL,US,30.3321838,-81.655651
420,6,49,Winston Salem,NC,US,Customer,36.0998596,-80.244216,Jacksonville,FL,US,30.3321838,-81.655651
421,6,50,Winston Salem,NC,US,Customer,36.0998596,-80.244216,Elmira,NY,US,42.0897965,-76.8077338
422,6,50,Winston Salem,NC,US,Customer,36.0998596,-80.244216,Elmira,NY,US,42.0897965,-76.8077338
423,6,50,Winston Salem,NC,US,Customer,36.0998596,-80.244216,Elmira,NY,US,42.0897965,-76.8077338
424,6,50,Winston Salem,NC,US,Customer,36.0998596,-80.244216,Elmira,NY,US,42.0897965,-76.8077338
425,6,52,Winston Salem,NC,US,Customer,36.0998596,-80.244216,Lafayette,IN,US,40.4167022,-86.8752869
426,6,52,Winston Salem,NC,US,Customer,36.0998596,-80.244216,Lafayette,IN,US,40.4167022,-86.8752869
427,6,52,Winston Salem,NC,US,Customer,36.0998596,-80.244216,Lafayette,IN,US,40.4167022,-86.8752869
428,6,52,Winston Salem,NC,US,Customer,36.0998596,-80.244216,Lafayette,IN,US,40.4167022,-86.8752869
429,6,53,Winston Salem,NC,US,Customer,36.0998596,-80.244216,Albany,GA,US,31.5785074,-84.155741
430,6,53,Winston Salem,NC,US,Customer,36.0998596,-80.244216,Albany,GA,US,31.5785074,-84.155741
431,6,53,Winston Salem,NC,US,Customer,36.0998596,-80.244216,Albany,GA,US,31.5785074,-84.155741
432,6,53,Winston Salem,NC,US,Customer,36.0998596,-80.244216,Albany,GA,US,31.5785074,-84.155741
433,6,54,Winston Salem,NC,US,Customer,36.0998596,-80.244216,Gainesville,FL,US,29.6516344,-82.3248262
434,6,54,Winston Salem,NC,US,Customer,36.0998596,-80.244216,Gainesville,FL,US,29.6516344,-82.3248262
435,6,54,Winston Salem,NC,US,Customer,36.0998596,-80.244216,Gainesville,FL,US,29.6516344,-82.3248262
436,6,54,Winston Salem,NC,US,Customer,36.0998596,-80.244216,Gainesville,FL,US,29.6516344,-82.3248262
437,6,56,Winston Salem,NC,US,Customer,36.0998596,-80.244216,Battle Creek,MI,US,42.3211522,-85.1797142
438,6,56,Winston Salem,NC,US,Customer,36.0998596,-80.244216,Battle Creek,MI,US,42.3211522,-85.1797142
439,6,56,Winston Salem,NC,US,Customer,36.0998596,-80.244216,Battle Creek,MI,US,42.3211522,-85.1797142
440,6,56,Winston Salem,NC,US,Customer,36.0998596,-80.244216,Battle Creek,MI,US,42.3211522,-85.1797142
441,6,58,Winston Salem,NC,US,Customer,36.0998596,-80.244216,Terre Haute,IN,US,39.4667034,-87.4139092
442,6,58,Winston Salem,NC,US,Customer,36.0998596,-80.244216,Terre Haute,IN,US,39.4667034,-87.4139092
443,6,58,Winston Salem,NC,US,Customer,36.0998596,-80.244216,Terre Haute,IN,US,39.4667034,-87.4139092
444,6,58,Winston Salem,NC,US,Customer,36.0998596,-80.244216,Terre Haute,IN,US,39.4667034,-87.4139092
445,6,60,Winston Salem,NC,US,Customer,36.0998596,-80.244216,Marquette,MI,US,46.5435442,-87.395417
446,6,60,Winston Salem,NC,US,Customer,36.0998596,-80.244216,Marquette,MI,US,46.5435442,-87.395417
447,6,60,Winston Salem,NC,US,Customer,36.0998596,-80.244216,Marquette,MI,US,46.5435442,-87.395417
448,6,60,Winston Salem,NC,US,Customer,36.0998596,-80.244216,Marquette,MI,US,46.5435442,-87.395417
449,6,61,Winston Salem,NC,US,Customer,36.0998596,-80.244216,Durham,NC,US,35.9940329,-78.898619
450,6,61,Winston Salem,NC,US,Customer,36.0998596,-80.244216,Durham,NC,US,35.9940329,-78.898619
451,6,61,Winston Salem,NC,US,Customer,36.0998596,-80.244216,Durham,NC,US,35.9940329,-78.898619
452,6,61,Winston Salem,NC,US,Customer,36.0998596,-80.244216,Durham,NC,US,35.9940329,-78.898619
453,6,63,Winston Salem,NC,US,Customer,36.0998596,-80.244216,Alpena,MI,US,45.0616794,-83.4327528
454,6,63,Winston Salem,NC,US,Customer,36.0998596,-80.244216,Alpena,MI,US,45.0616794,-83.4327528
455,6,63,Winston Salem,NC,US,Customer,36.0998596,-80.244216,Alpena,MI,US,45.0616794,-83.4327528
456,6,63,Winston Salem,NC,US,Customer,36.0998596,-80.244216,Alpena,MI,US,45.0616794,-83.4327528
457,6,64,Winston Salem,NC,US,Customer,36.0998596,-80.244216,York,PA,US,39.9625984,-76.727745
458,6,64,Winston Salem,NC,US,Customer,36.0998596,-80.244216,York,PA,US,39.9625984,-76.727745
459,6,64,Winston Salem,NC,US,Customer,36.0998596,-80.244216,York,PA,US,39.9625984,-76.727745
460,6,64,Winston Salem,NC,US,Customer,36.0998596,-80.244216,York,PA,US,39.9625984,-76.727745
461,6,65,Winston Salem,NC,US,Customer,36.0998596,-80.244216,Zanesville,OH,US,39.9403453,-82.0131924
462,6,65,Winston Salem,NC,US,Customer,36.0998596,-80.244216,Zanesville,OH,US,39.9403453,-82.0131924
463,6,65,Winston Salem,NC,US,Customer,36.0998596,-80.244216,Zanesville,OH,US,39.9403453,-82.0131924
464,6,65,Winston Salem,NC,US,Customer,36.0998596,-80.244216,Zanesville,OH,US,39.9403453,-82.0131924
465,6,68,Winston Salem,NC,US,Customer,36.0998596,-80.244216,Superior,WI,US,46.7207737,-92.1040796
466,6,68,Winston Salem,NC,US,Customer,36.0998596,-80.244216,Superior,WI,US,46.7207737,-92.1040796
467,6,68,Winston Salem,NC,US,Customer,36.0998596,-80.244216,Superior,WI,US,46.7207737,-92.1040796
468,6,68,Winston Salem,NC,US,Customer,36.0998596,-80.244216,Superior,WI,US,46.7207737,-92.1040796
469,6,69,Winston Salem,NC,US,Customer,36.0998596,-80.244216,Detroit,MI,US,42.331427,-83.0457538
470,6,69,Winston Salem,NC,US,Customer,36.0998596,-80.244216,Detroit,MI,US,42.331427,-83.0457538
471,6,69,Winston Salem,NC,US,Customer,36.0998596,-80.244216,Detroit,MI,US,42.331427,-83.0457538
472,6,69,Winston Salem,NC,US,Customer,36.0998596,-80.244216,Detroit,MI,US,42.331427,-83.0457538
473,6,71,Winston Salem,NC,US,Customer,36.0998596,-80.244216,Columbus,OH,US,39.9611755,-82.9987942
474,6,71,Winston Salem,NC,US,Customer,36.0998596,-80.244216,Columbus,OH,US,39.9611755,-82.9987942
475,6,71,Winston Salem,NC,US,Customer,36.0998596,-80.244216,Columbus,OH,US,39.9611755,-82.9987942
476,6,71,Winston Salem,NC,US,Customer,36.0998596,-80.244216,Columbus,OH,US,39.9611755,-82.9987942
477,6,72,Winston Salem,NC,US,Customer,36.0998596,-80.244216,Cadillac,MI,US,44.2519526,-85.4011619
478,6,72,Winston Salem,NC,US,Customer,36.0998596,-80.244216,Cadillac,MI,US,44.2519526,-85.4011619
479,6,72,Winston Salem,NC,US,Customer,36.0998596,-80.244216,Cadillac,MI,US,44.2519526,-85.4011619
480,6,72,Winston Salem,NC,US,Customer,36.0998596,-80.244216,Cadillac,MI,US,44.2519526,-85.4011619
481,4,4,Tacoma,WA,US,Hub,47.2528768,-122.4442906,Tacoma,WA,US,47.2528768,-122.4442906
482,5,5,Ft. Worth,TX,US,Hub,32.725409,-97.3208496,Ft. Worth,TX,US,32.725409,-97.3208496
483,6,6,Winston Salem,NC,US,Hub,36.0998596,-80.244216,Winston Salem,NC,US,36.0998596,-80.244216
